Josh's Team,steve's Team,Maurice's Team,Cullen's Cool Team,adam's Peerless Team,Lane's Team,braden's Team,arjan's Team,Mike's Team,You're A Gyrok,Beer4Breakfast,Upper Deck,steve's Team,Maurice's Team,Cullen's Cool Team,adam's Peerless Team,Lane's Team,braden's Team,arjan's Team,Mike's Team,You're A Gyrok,Beer4Breakfast,Upper Deck
steve's Team,Josh's Team,Upper Deck,Maurice's Team,Cullen's Cool Team,adam's Peerless Team,Lane's Team,braden's Team,arjan's Team,Mike's Team,You're A Gyrok,Beer4Breakfast,Josh's Team,Upper Deck,Maurice's Team,Cullen's Cool Team,adam's Peerless Team,Lane's Team,braden's Team,arjan's Team,Mike's Team,You're A Gyrok,Beer4Breakfast
Maurice's Team,Beer4Breakfast,Josh's Team,steve's Team,Upper Deck,Cullen's Cool Team,adam's Peerless Team,Lane's Team,braden's Team,arjan's Team,Mike's Team,You're A Gyrok,Beer4Breakfast,Josh's Team,steve's Team,Upper Deck,Cullen's Cool Team,adam's Peerless Team,Lane's Team,braden's Team,arjan's Team,Mike's Team,You're A Gyrok
Cullen's Cool Team,You're A Gyrok,Beer4Breakfast,Josh's Team,steve's Team,Maurice's Team,Upper Deck,adam's Peerless Team,Lane's Team,braden's Team,arjan's Team,Mike's Team,You're A Gyrok,Beer4Breakfast,Josh's Team,steve's Team,Maurice's Team,Upper Deck,adam's Peerless Team,Lane's Team,braden's Team,arjan's Team,Mike's Team
adam's Peerless Team,Mike's Team,You're A Gyrok,Beer4Breakfast,Josh's Team,steve's Team,Maurice's Team,Cullen's Cool Team,Upper Deck,Lane's Team,braden's Team,arjan's Team,Mike's Team,You're A Gyrok,Beer4Breakfast,Josh's Team,steve's Team,Maurice's Team,Cullen's Cool Team,Upper Deck,Lane's Team,braden's Team,arjan's Team
Lane's Team,arjan's Team,Mike's Team,You're A Gyrok,Beer4Breakfast,Josh's Team,steve's Team,Maurice's Team,Cullen's Cool Team,adam's Peerless Team,Upper Deck,braden's Team,arjan's Team,Mike's Team,You're A Gyrok,Beer4Breakfast,Josh's Team,steve's Team,Maurice's Team,Cullen's Cool Team,adam's Peerless Team,Upper Deck,braden's Team
braden's Team,Upper Deck,arjan's Team,Mike's Team,You're A Gyrok,Beer4Breakfast,Josh's Team,steve's Team,Maurice's Team,Cullen's Cool Team,adam's Peerless Team,Lane's Team,Upper Deck,arjan's Team,Mike's Team,You're A Gyrok,Beer4Breakfast,Josh's Team,steve's Team,Maurice's Team,Cullen's Cool Team,adam's Peerless Team,Lane's Team
arjan's Team,Lane's Team,braden's Team,Upper Deck,Mike's Team,You're A Gyrok,Beer4Breakfast,Josh's Team,steve's Team,Maurice's Team,Cullen's Cool Team,adam's Peerless Team,Lane's Team,braden's Team,Upper Deck,Mike's Team,You're A Gyrok,Beer4Breakfast,Josh's Team,steve's Team,Maurice's Team,Cullen's Cool Team,adam's Peerless Team
Mike's Team,adam's Peerless Team,Lane's Team,braden's Team,arjan's Team,Upper Deck,You're A Gyrok,Beer4Breakfast,Josh's Team,steve's Team,Maurice's Team,Cullen's Cool Team,adam's Peerless Team,Lane's Team,braden's Team,arjan's Team,Upper Deck,You're A Gyrok,Beer4Breakfast,Josh's Team,steve's Team,Maurice's Team,Cullen's Cool Team
You're A Gyrok,Cullen's Cool Team,adam's Peerless Team,Lane's Team,braden's Team,arjan's Team,Mike's Team,Upper Deck,Beer4Breakfast,Josh's Team,steve's Team,Maurice's Team,Cullen's Cool Team,adam's Peerless Team,Lane's Team,braden's Team,arjan's Team,Mike's Team,Upper Deck,Beer4Breakfast,Josh's Team,steve's Team,Maurice's Team
Beer4Breakfast,Maurice's Team,Cullen's Cool Team,adam's Peerless Team,Lane's Team,braden's Team,arjan's Team,Mike's Team,You're A Gyrok,Upper Deck,Josh's Team,steve's Team,Maurice's Team,Cullen's Cool Team,adam's Peerless Team,Lane's Team,braden's Team,arjan's Team,Mike's Team,You're A Gyrok,Upper Deck,Josh's Team,steve's Team
Upper Deck,braden's Team,steve's Team,arjan's Team,Maurice's Team,Mike's Team,Cullen's Cool Team,You're A Gyrok,adam's Peerless Team,Beer4Breakfast,Lane's Team,Josh's Team,braden's Team,steve's Team,arjan's Team,Maurice's Team,Mike's Team,Cullen's Cool Team,You're A Gyrok,adam's Peerless Team,Beer4Breakfast,Lane's Team,Josh's Team
