Joe K,Emma,,Jon,Ben J,Andrew,Matt B,Dan,Nathan,Matt K,Joe B,Ben K,Craig,Emma,Jon,Ben J
Emma,Joe K,Craig,,Jon,Ben J,Andrew,Matt B,Dan,Nathan,Matt K,Joe B,Ben K,Joe K,Craig,Jon
Jon,Ben K,Joe K,Emma,,Craig,Ben J,Andrew,Matt B,Dan,Nathan,Matt K,Joe B,Ben K,Joe K,Emma
Ben J,Joe B,Ben K,Joe K,Emma,,Jon,Craig,Andrew,Matt B,Dan,Nathan,Matt K,Joe B,Ben K,Joe K
Andrew,Matt K,Joe B,Ben K,Joe K,Emma,,Jon,Ben J,Craig,Matt B,Dan,Nathan,Matt K,Joe B,Ben K
Matt B,Nathan,Matt K,Joe B,Ben K,Joe K,Emma,,Jon,Ben J,Andrew,Craig,Dan,Nathan,Matt K,Joe B
Dan,Craig,Nathan,Matt K,Joe B,Ben K,Joe K,Emma,,Jon,Ben J,Andrew,Matt B,Craig,Nathan,Matt K
Nathan,Matt B,Dan,Craig,Matt K,Joe B,Ben K,Joe K,Emma,,Jon,Ben J,Andrew,Matt B,Dan,Craig
Matt K,Andrew,Matt B,Dan,Nathan,Craig,Joe B,Ben K,Joe K,Emma,,Jon,Ben J,Andrew,Matt B,Dan
Joe B,Ben J,Andrew,Matt B,Dan,Nathan,Matt K,Craig,Ben K,Joe K,Emma,,Jon,Ben J,Andrew,Matt B
Ben K,Jon,Ben J,Andrew,Matt B,Dan,Nathan,Matt K,Joe B,Craig,Joe K,Emma,,Jon,Ben J,Andrew
Craig,Dan,Emma,Nathan,Jon,Matt K,Ben J,Joe B,Andrew,Ben K,Matt B,Joe K,Dan,,Emma,Nathan
